{"cameraMode":{"drawMode":0,"name":"Shaded","section":"Shading Mode"},"sceneLighting":false,"audioPlay":false,"sceneViewState":{"m_AlwaysRefresh":false,"showFog":true,"showSkybox":false,"showFlares":true,"showImageEffects":true,"showParticleSystems":true,"showVisualEffectGraphs":true,"m_FxEnabled":true},"in2DMode":false,"pivot":{"x":-0.32231786847114565,"y":-0.5937871932983398,"z":0.22672992944717408},"rotation":{"x":-0.21307405829429627,"y":0.7412922978401184,"z":-0.2752232849597931,"w":-0.5739027857780457},"size":0.9198233485221863,"orthographic":false}