{"cameraMode":{"drawMode":0,"name":"Shaded","section":"Shading Mode"},"sceneLighting":false,"audioPlay":false,"sceneViewState":{"m_AlwaysRefresh":false,"showFog":true,"showSkybox":false,"showFlares":true,"showImageEffects":true,"showParticleSystems":true,"showVisualEffectGraphs":true,"m_FxEnabled":true},"in2DMode":false,"pivot":{"x":-0.042443275451660159,"y":-0.04205942153930664,"z":0.26494187116622927},"rotation":{"x":-0.4081953465938568,"y":-0.4057972729206085,"z":-0.7904380559921265,"w":0.20956027507781983},"size":0.44168514013290408,"orthographic":true}