{"cameraMode":{"drawMode":0,"name":"Shaded","section":"Shading Mode"},"sceneLighting":false,"audioPlay":false,"sceneViewState":{"m_AlwaysRefresh":false,"showFog":true,"showSkybox":false,"showFlares":true,"showImageEffects":true,"showParticleSystems":true,"showVisualEffectGraphs":true,"m_FxEnabled":true},"in2DMode":false,"pivot":{"x":0.03174129128456116,"y":0.0036160051822662355,"z":-0.15379977226257325},"rotation":{"x":0.09698635339736939,"y":0.7164936065673828,"z":-0.10170374065637589,"w":0.6833087801933289},"size":1.2934010028839112,"orthographic":false}