{"cameraMode":{"drawMode":0,"name":"Shaded","section":"Shading Mode"},"sceneLighting":false,"audioPlay":false,"sceneViewState":{"m_AlwaysRefresh":false,"showFog":true,"showSkybox":false,"showFlares":true,"showImageEffects":true,"showParticleSystems":true,"showVisualEffectGraphs":true,"m_FxEnabled":true},"in2DMode":false,"pivot":{"x":0.0014209151268005372,"y":-0.00000712275505065918,"z":-0.2539007365703583},"rotation":{"x":0.141569122672081,"y":-0.6753808856010437,"z":0.13444742560386659,"w":0.7111560106277466},"size":0.4497009217739105,"orthographic":true}