{"cameraMode":{"drawMode":0,"name":"Shaded","section":"Shading Mode"},"sceneLighting":true,"audioPlay":false,"sceneViewState":{"m_AlwaysRefresh":false,"showFog":true,"showSkybox":true,"showFlares":true,"showImageEffects":true,"showParticleSystems":true,"showVisualEffectGraphs":true,"m_FxEnabled":true},"in2DMode":false,"pivot":{"x":-16.538400650024415,"y":-22.534343719482423,"z":4.329072952270508},"rotation":{"x":-0.1289898306131363,"y":-0.06153691187500954,"z":0.008049032650887967,"w":-0.9897270202636719},"size":19.641197204589845,"orthographic":false}