{"cameraMode":{"drawMode":0,"name":"Shaded","section":"Shading Mode"},"sceneLighting":false,"audioPlay":false,"sceneViewState":{"m_AlwaysRefresh":false,"showFog":true,"showSkybox":false,"showFlares":true,"showImageEffects":true,"showParticleSystems":true,"showVisualEffectGraphs":true,"m_FxEnabled":true},"in2DMode":false,"pivot":{"x":-0.7219576239585877,"y":0.10475454479455948,"z":0.2922475337982178},"rotation":{"x":-0.004911342635750771,"y":-0.5744895339012146,"z":0.0034470504615455868,"w":-0.8184933066368103},"size":0.7077417969703674,"orthographic":true}