{"cameraMode":{"drawMode":0,"name":"Shaded","section":"Shading Mode"},"sceneLighting":false,"audioPlay":false,"sceneViewState":{"m_AlwaysRefresh":false,"showFog":true,"showSkybox":false,"showFlares":true,"showImageEffects":true,"showParticleSystems":true,"showVisualEffectGraphs":true,"m_FxEnabled":true},"in2DMode":false,"pivot":{"x":-0.3464348316192627,"y":-0.017946183681488038,"z":-0.3388364315032959},"rotation":{"x":0.002893559169024229,"y":0.7658655047416687,"z":-0.0034465109929442407,"w":0.6429854035377502},"size":1.225062370300293,"orthographic":true}