{"cameraMode":{"drawMode":0,"name":"Shaded","section":"Shading Mode"},"sceneLighting":false,"audioPlay":false,"sceneViewState":{"m_AlwaysRefresh":false,"showFog":true,"showSkybox":false,"showFlares":true,"showImageEffects":true,"showParticleSystems":true,"showVisualEffectGraphs":true,"m_FxEnabled":true},"in2DMode":false,"pivot":{"x":0.7138399481773377,"y":1.244023084640503,"z":89.29920959472656},"rotation":{"x":-0.09285680949687958,"y":0.014040504582226277,"z":0.0013095502508804203,"w":0.9955797791481018},"size":0.3458225131034851,"orthographic":false}