{"cameraMode":{"drawMode":0,"name":"Shaded","section":"Shading Mode"},"sceneLighting":false,"audioPlay":false,"sceneViewState":{"m_AlwaysRefresh":false,"showFog":true,"showSkybox":false,"showFlares":true,"showImageEffects":true,"showParticleSystems":true,"showVisualEffectGraphs":true,"m_FxEnabled":true},"in2DMode":false,"pivot":{"x":-0.3074216842651367,"y":-0.013738512992858887,"z":0.053351834416389468},"rotation":{"x":0.22317340970039369,"y":-0.3019913136959076,"z":0.07293852418661118,"w":0.9239582419395447},"size":0.6774675846099854,"orthographic":false}